epoch,train_total_loss,train_per,val_total_loss,val_per
0,2.698105134787383,,3.0719140619039536,0.9238251856051805
1,1.6005525041509558,,3.0432836711406708,0.9238251856051805
2,1.593182710365013,,3.028235524892807,0.9236513225403986
